fingerprint,source,source_name,title,url,author,published_at,journalist_name,transfer_claim,tier,hit_miss,confidence,reasoning,analyzed_at
reddit_rss:t3_1symwtt,reddit_rss,newest submissions : chelseafc,Let’s hear some for our club,https://old.reddit.com/r/chelseafc/comments/1symwtt/lets_hear_some_for_our_club/,/u/NB0608sd,2026-04-29T03:15:56+00:00,Unknown,No transfer claim provided,Rumour,Unknown,0.0,No concrete transfer information or sourcing provided,2026-04-29T06:14:15.653130+00:00
reddit_rss:t3_1syiwqa,reddit_rss,newest submissions : chelseafc,"Jude and Jobe Bellingham with Enzo Fernandez, Marc Cucurella, João Pedro at the Madrid Open.",https://old.reddit.com/r/chelseafc/comments/1syiwqa/jude_and_jobe_bellingham_with_enzo_fernandez_marc/,/u/IdealisticKebab,2026-04-29T00:15:21+00:00,Unknown,"Jude and Jobe Bellingham with Enzo Fernandez, Marc Cucurella, João Pedro at the Madrid Open.",Rumour,Unknown,0.0,"No credible source or transfer claim, appears to be a fan sighting.",2026-04-29T06:14:16.720650+00:00
reddit_rss:t3_1syhy1e,reddit_rss,newest submissions : chelseafc,"The premier league has a long way to go, technically looking at Bayern and PSG",https://old.reddit.com/r/chelseafc/comments/1syhy1e/the_premier_league_has_a_long_way_to_go/,/u/theeama,2026-04-28T23:32:58+00:00,Unknown,,Unknown,Unknown,0.0,,2026-04-29T06:14:17.030663+00:00
reddit_rss:t3_1sxwhn5,reddit_rss,newest submissions : chelseafc,Dom Smith/Evening Standard: Chelsea sporting directors in agreement that Marco Silva should be a candidate for head coach role. Some senior figures at FFC confident Silva will sign new deal but others less convinced. CFC to reach out to his reps to gauge his circumstances,https://old.reddit.com/r/chelseafc/comments/1sxwhn5/dom_smithevening_standard_chelsea_sporting/,/u/Kygoche,2026-04-28T09:35:47+00:00,Dom Smith/Evening Standard,Chelsea sporting directors in agreement that Marco Silva should be a candidate for head coach role.,Rumour,Pending,0.2,"Speculative report from Reddit, citing an Evening Standard article, but lacks concrete details or confirmation from Chelsea FC.",2026-04-29T06:14:17.568417+00:00
reddit_rss:t3_1sxt4dk,reddit_rss,newest submissions : chelseafc,"The Atheltic: Chelsea are interested in signing Anthony Gordon, with any potential transfer not believed to be dependent on Chelsea qualifying for next season’s Champions League.",https://old.reddit.com/r/chelseafc/comments/1sxt4dk/the_atheltic_chelsea_are_interested_in_signing/,/u/Kygoche,2026-04-28T06:18:15+00:00,The Athletic,Chelsea interested in signing Anthony Gordon.,Rumour,Pending,0.0,"No concrete deal language, no named sourcing, and no club confirmation.",2026-04-29T06:14:31.304600+00:00
news_rss:https://www.football.london/chelsea-fc/transfer-news/alejandro-garnacho-transfer-decision-awaits-33853648,news_rss,footballlondon - Chelsea,Alejandro Garnacho transfer decision awaits Chelsea unless BlueCo do one thing,https://www.football.london/chelsea-fc/transfer-news/alejandro-garnacho-transfer-decision-awaits-33853648,football.london@trinitymirror.com (Bobby Vincent),2026-04-29T06:00:00+00:00,Bobby Vincent,Alejandro Garnacho is being linked with a move away from Stamford Bridge this summer,Rumour,Unknown,0.0,"Speculative article with no concrete sourcing or deal language, merely linking Garnacho with a move away from Chelsea.",2026-04-29T06:14:44.648738+00:00
news_rss:https://www.football.london/chelsea-fc/transfer-news/next-chelsea-manager-appointment-more-33851778,news_rss,footballlondon - Chelsea,Next Chelsea manager appointment more crucial for six stars as £222m transfer flurry scrutinised,https://www.football.london/chelsea-fc/transfer-news/next-chelsea-manager-appointment-more-33851778,football.london@trinitymirror.com (Bobby Vincent),2026-04-28T15:00:00+00:00,Bobby Vincent,Chelsea's process to appoint a new head coach has started,Unknown,Unknown,0.0,,2026-04-29T06:14:44.899922+00:00
news_rss:https://www.football.london/chelsea-fc/transfer-news/andoni-iraola-already-sent-chelsea-33850794,news_rss,footballlondon - Chelsea,Andoni Iraola has already sent Chelsea star message ahead of summer transfer decision,https://www.football.london/chelsea-fc/transfer-news/andoni-iraola-already-sent-chelsea-33850794,football.london@trinitymirror.com (Bobby Vincent),2026-04-28T13:00:00+00:00,Bobby Vincent,Chelsea like Andoni Iraola as permanent successor to Liam Rosenior,Rumour,Unknown,0.0,"No concrete transfer claim, only a mention of Chelsea's interest in Iraola as a potential successor to Liam Rosenior.",2026-04-29T06:14:51.303688+00:00
news_rss:https://www.football.london/chelsea-fc/transfer-news/enzo-fernandez-chelsea-agreement-madrid-33852506,news_rss,footballlondon - Chelsea,Chelsea star Enzo Fernandez travels to Madrid after agreement with club,https://www.football.london/chelsea-fc/transfer-news/enzo-fernandez-chelsea-agreement-madrid-33852506,football.london@trinitymirror.com (Bruna Reis),2026-04-28T12:46:59+00:00,Bruna Reis,Chelsea midfielder Enzo Fernandez travels to Madrid after agreement with club.,Tier 1,Hit,0.9,"Confirmed by football.london, a reputable Chelsea outlet with named sourcing.",2026-04-29T06:14:57.771775+00:00
news_rss:https://www.football.london/chelsea-fc/transfer-news/chelsea-transfer-news-anthony-gordon-33849487,news_rss,footballlondon - Chelsea,Chelsea 'introduce new transfer rule' as Anthony Gordon wanted in worry for Alejandro Garnacho,https://www.football.london/chelsea-fc/transfer-news/chelsea-transfer-news-anthony-gordon-33849487,football.london@trinitymirror.com (Isaac Seelochan),2026-04-28T09:50:16+00:00,Isaac Seelochan,Chelsea linked with Newcastle United forward Anthony Gordon,Rumour,Unknown,0.0,"Speculative article with no concrete transfer claim, only linking Anthony Gordon to Chelsea.",2026-04-29T06:15:11.180833+00:00
news_rss:https://www.football.london/chelsea-fc/transfer-news/andoni-iraola-tipped-bournemouth-transfer-33850227,news_rss,footballlondon - Chelsea,Andoni Iraola tipped for Bournemouth transfer reunion at Chelsea and told to sign Liverpool icon,https://www.football.london/chelsea-fc/transfer-news/andoni-iraola-tipped-bournemouth-transfer-33850227,football.london@trinitymirror.com (Bobby Vincent),2026-04-28T09:49:36+00:00,Bobby Vincent,Chelsea considering Andoni Iraola for head coach role.,Rumour,Pending,0.0,"Speculative article with no concrete evidence or sourcing, merely a tip.",2026-04-29T06:15:11.487783+00:00
news_rss:https://www.football.london/chelsea-fc/news/paul-merson-reckons-hes-cracked-33846440,news_rss,footballlondon - Chelsea,Paul Merson reckons he's cracked the BlueCo code and names new Chelsea manager target,https://www.football.london/chelsea-fc/news/paul-merson-reckons-hes-cracked-33846440,football.london@trinitymirror.com (Jake Stokes),2026-04-27T16:05:06+00:00,Jake Stokes,Chelsea are in no rush to appoint a new permanent successor for Liam Rosenior.,Rumour,Unknown,0.0,"No concrete transfer claim, article focuses on managerial appointment rather than player transfers.",2026-04-29T06:15:24.891445+00:00
news_rss:https://www.football.london/chelsea-fc/news/next-chelsea-boss-target-makes-33842792,news_rss,footballlondon - Chelsea,Next Chelsea boss target makes feelings clear about vacancy as BlueCo fired clear message,https://www.football.london/chelsea-fc/news/next-chelsea-boss-target-makes-33842792,football.london@trinitymirror.com (Jake Stokes),2026-04-27T10:18:51+00:00,Jake Stokes,Francesco Farioli linked with Chelsea vacancy,Rumour,Unknown,0.0,"No concrete information about Farioli's interest in Chelsea vacancy, just a mention of him being linked earlier in the year.",2026-04-29T06:15:25.298436+00:00
news_rss:https://www.football.london/chelsea-fc/transfer-news/what-calum-mcfarlane-said-make-33842036,news_rss,footballlondon - Chelsea,What Calum McFarlane said to make Enzo Fernandez laugh and Chelsea's crucial £107m transfer lesson,https://www.football.london/chelsea-fc/transfer-news/what-calum-mcfarlane-said-make-33842036,football.london@trinitymirror.com (Bobby Vincent),2026-04-27T06:00:00+00:00,Bobby Vincent,No transfer claim,Unknown,Unknown,0.0,No transfer news mentioned in the article,2026-04-29T06:15:31.693975+00:00
news_rss:https://www.football.london/chelsea-fc/transfer-news/jackson-chelsea-transfer-news-bayern-33841703,news_rss,footballlondon - Chelsea,Nicolas Jackson transfer twist as statement made after Chelsea decision confirmed,https://www.football.london/chelsea-fc/transfer-news/jackson-chelsea-transfer-news-bayern-33841703,football.london@trinitymirror.com (Stephen Killen),2026-04-26T18:33:12+00:00,Stephen Killen,Nicolas Jackson's agent responds to Bayern Munich's comments on his client's future.,Unknown,Unknown,0.0,Insufficient information to determine the reliability of the transfer claim.,2026-04-29T06:15:38.121660+00:00
news_rss:https://www.bbc.com/sport/football/articles/c5y9ee97j3lo#0,news_rss,BBC Sport,Cucurella's barber and the 'leaked' Chelsea team news,https://www.bbc.com/sport/football/articles/c5y9ee97j3lo?at_medium=RSS&at_campaign=rss,,2026-04-22T11:51:34+00:00,BBC Sport,No transfer claim,Unknown,Unknown,0.0,"No transfer news reported, article discusses leak of team news",2026-04-29T06:15:44.408114+00:00
